Company,cik,findCompanies,closedCompany
2U INC,0001338219,"['2U LAUNDRY, INC.', '2U ONLINE COM INC', '2U, INC.', 'I2U INC', 'NECKTIES2U INC', 'TELEMED2U, INC.', 'UNIVERSE2U INC', 'VIR2US, INC.']",I2U INC
30DC INC,0001118974,"['30DC, INC.']","30DC, INC."
3D PIONEER SYSTEMS INC,0001556753,"['3D PIONEER SYSTEMS, INC.']","3D PIONEER SYSTEMS, INC."
8X8 INC,0001023731,"['8X8 INC /DE/', '8X8 INC']",8X8 INC
A10 NETWORKS INC,0001580808,"['A10 NETWORKS, INC.']","A10 NETWORKS, INC."
ACI WORLDWIDE INC,0000935036,"['ACI WORLDWIDE, INC.', 'GLACIER WORLDWIDE, INC.']","ACI WORLDWIDE, INC."
ACTUA CORP,0001085621,"['ACTUA CORP', 'ACTUALMEDS CORP', 'ACTUANT CORP CAPITAL TRUST I', 'ACTUANT CORP CAPITAL TRUST II', 'ACTUANT CORP', 'ACTUATE CORP', 'ACTUATE SOFTWARE CORP', 'BTG PACTUAL INTERNATIONAL PORTFOLIO FUND II SPC, SEGREGATED PORTFOLIO BTGPH CORP HEDGE', 'BTG PACTUAL US CAPITAL CORP.', 'FACTUAL DATA CORP', 'PACTUAL CAPITAL CORP                                    /BD', 'PACTUAL CAPITAL CORPORATION']",ACTUA CORP
ADEXA INC,0001119691,['ADEXA INC'],ADEXA INC
ADOBE INC,0000796343,"['ADOBE INC.', 'ADOBE SYSTEMS INC']",ADOBE INC.
ADVANCED VOICE RECOGNITION,0001342936,"['ADVANCED VOICE RECOGNITION SYSTEMS, INC']","ADVANCED VOICE RECOGNITION SYSTEMS, INC"
ADVANT-E CORP,0001407847,['ADVANT-E CORP'],ADVANT-E CORP
ADVANTEGO CORP,0000869531,['ADVANTEGO CORP'],ADVANTEGO CORP
AGILYSYS INC,0000078749,['AGILYSYS INC'],AGILYSYS INC
ALARM.COM HOLDINGS INC,0001459200,"['ALARM.COM HOLDINGS, INC.']","ALARM.COM HOLDINGS, INC."
ALLDIGITAL HOLDINGS INC,0001389217,"['ALLDIGITAL HOLDINGS, INC.']","ALLDIGITAL HOLDINGS, INC."
ALTAIR ENGINEERING INC,0001701732,['ALTAIR ENGINEERING INC.'],ALTAIR ENGINEERING INC.
ALTERYX INC,0001689923,"['ALTERYX, INC.']","ALTERYX, INC."
AMERICAN SECURITY RES CORP,0001085069,['AMERICAN SECURITY RESOURCES CORP.'],AMERICAN SECURITY RESOURCES CORP.
AMERICAN SOFTWARE  -CL A,,,
ANAPLAN INC,0001540755,"['ANAPLAN, INC.']","ANAPLAN, INC."
ANSYS INC,0001013462,"['ANSYS DIAGNOSTICS INC', 'ANSYS INC', 'SCANSYS, INC.']",ANSYS INC
APPFOLIO INC,0001433195,['APPFOLIO INC'],APPFOLIO INC
APPIAN CORP,0001441683,['APPIAN CORP'],APPIAN CORP
APPLIED VISUAL SCIENCES INC,0000873198,"['APPLIED VISUAL SCIENCES, INC.']","APPLIED VISUAL SCIENCES, INC."
APT SYSTEMS INC,0001543739,"['ADAPTAPHATH SYSTEMS INC', 'ADAPTYV BIOSYSTEMS INC', 'APT SYSTEMS INC', 'APTIVE SYSTEMS, INC.', 'APTON BIOSYSTEMS, INC.', 'APTUS ENDOSYSTEMS INC', 'COAPT SYSTEMS INC', 'RAPTOR SYSTEMS INC', 'SCIENAPTIC SYSTEMS INC.']",APT SYSTEMS INC
ASANA INC,0001477720,"['ASANA MEDICAL, INC.', 'ASANA, INC.', 'CASANA CARE, INC.', 'DIGITAL ASANA HOLDINGS, INC.']","ASANA, INC."
ASPEN TECHNOLOGY INC,0000356942,"['ASPEN TECHNOLOGY INC /DE/', 'ASPEN TECHNOLOGY INC /MA/', 'ASPEN TECHNOLOGY INC']",ASPEN TECHNOLOGY INC
ASURE SOFTWARE INC,0000884144,['ASURE SOFTWARE INC'],ASURE SOFTWARE INC
AUDIOEYE INC,0001362190,['AUDIOEYE INC'],AUDIOEYE INC
AUTODESK INC,0000769397,"['AUTODESK INC', 'AUTODESK, INC.']",AUTODESK INC
AUTOMATIC DATA PROCESSING,0000008670,['AUTOMATIC DATA PROCESSING INC'],AUTOMATIC DATA PROCESSING INC
AVALARA INC,0001348036,"['AVALARA INC', 'AVALARA, INC.']",AVALARA INC
AVAYA HLDGS CORP,,,
AWARE INC,0000845188,"['AGARI MEDIAWARE INC', 'ALAMOSA DELAWARE INC', 'ALDERWOODS DELAWARE INC', 'ALIGHT, INC. / DELAWARE', 'AMERICAN PAD & PAPER CO OF DELAWARE INC', 'AMERICAN RESOURCES OF DELAWARE INC', 'APERGY (DELAWARE) FORMATION, INC.', 'APOLLO INTERNATIONAL OF DELAWARE INC', 'AR CHINA INCUBATOR FEEDER FUND (DELAWARE) LLC', 'ARDENCE DELAWARE INC', 'ARES HIGH INCOME CREDIT OPPORTUNITIES FUND II (DELAWARE) LP', 'ATS OF DELAWARE, INC.', 'AUCTION DIRECT USA DELAWARE INC', 'AWARE ASSET MANAGEMENT, INC.', 'AWARE INC /MA/', 'AWARE INC', 'AWARE RECOVERY CARE, INC.', 'AWARENESS FOR TEENS, INC.', 'AWARENESS TECHNOLOGIES, INC.', 'AWARENESS, INC', 'AXIS RESEARCH & TECHNOLOGIES, INC. (DELAWARE)', 'BANKNORTH DELAWARE INC.', 'BELL ATLANTIC DELAWARE INC', 'BEVERAGES DELAWARE, INC.', 'BEVERLY ENTERPRISES DELAWARE INC', 'BFI ENERGY SYSTEMS OF DELAWARE COUNTY, INC.', 'BIG FLOWER DIGITAL SERVICES DELAWARE INC', 'CADMUS DELAWARE, INC.', 'CAPITAL MANAGEMENT OF DELAWARE, INC.', 'CAPSTONE PHARMACY OF DELAWARE INC', 'CARDSERVICE DELAWARE, INC.', 'COGENTRIX DELAWARE HOLDINGS INC', 'COGNITIVE AWARENESS SOLUTIONS INC', 'COMCAST MO OF DELAWARE INC', 'COMMODORE MEDIA OF DELAWARE INC', 'COMPACTOR RENTAL SYSTEMS OF DELAWARE, INC.', 'CROWN NEW DELAWARE HOLDINGS INC', 'DAKOTA TELECOMMUNICATIONS GROUP DELAWARE INC', 'DATAWARE TECHNOLOGIES INC', 'DELAWARE BAY CO INC                                     /BD', 'DELAWARE BOARD OF TRADE HOLDINGS, INC.', 'DELAWARE CAPITAL MANAGEMENT INC', 'DELAWARE ENHANCED GLOBAL DIVIDEND & INCOME FUND', 'DELAWARE GROUP ADVISER FUNDS INC /MD/', 'DELAWARE GROUP ADVISER FUNDS INC', 'DELAWARE GROUP CASH RESERVE INC', 'DELAWARE GROUP DECATUR FUND INC', 'DELAWARE GROUP DELAWARE FUND INC', 'DELAWARE GROUP DELCAP FUND INC', 'DELAWARE GROUP DELCHESTER HIGH YIELD BOND FUND INC', 'DELAWARE GROUP DIVIDEND & INCOME FUND INC', 'DELAWARE GROUP EQUITY FUNDS I INC', 'DELAWARE GROUP EQUITY FUNDS II INC', 'DELAWARE GROUP EQUITY FUNDS III INC', 'DELAWARE GROUP EQUITY FUNDS IV INC', 'DELAWARE GROUP EQUITY FUNDS V INC', 'DELAWARE GROUP GLOBAL & INTERNATIONAL FUNDS INC', 'DELAWARE GROUP GLOBAL DIVIDEND & INCOME FUND INC', 'DELAWARE GROUP GOVERNMENT FUND INC', 'DELAWARE GROUP INCOME FUNDS INC', 'DELAWARE GROUP INCOME FUNDS', 'DELAWARE GROUP LIMITED TERM GOVERNMENT FUNDS INC', 'DELAWARE GROUP PREMIUM FUND INC', 'DELAWARE GROUP STATE TAX FREE INCOME TRUST/PA/', 'DELAWARE GROUP STATE TAX-FREE INCOME TRUST', 'DELAWARE GROUP TAX FREE FUND INC', 'DELAWARE GROUP TAX FREE MONEY FUND INC /', 'DELAWARE GROUP TREASURY RESERVES INC', 'DELAWARE GROUP TREND FUND INC', 'DELAWARE GROUP VALUE FUND INC', 'DELAWARE IMAGING PARTNERS, INC', 'DELAWARE INV COLORADO INSURED MUNICIPAL INCOME FUND INC', 'DELAWARE INVESTMENTS ARIZONA MUNICIPAL INCOME FUND INC', 'DELAWARE INVESTMENTS ARIZONA MUNICIPAL INCOME FUND, INC', 'DELAWARE INVESTMENTS COLORADO MUNICIPAL INCOME FUND, INC.', 'DELAWARE INVESTMENTS DIVIDEND & INCOME FUND INC', 'DELAWARE INVESTMENTS DIVIDEND & INCOME FUND, INC', 'DELAWARE INVESTMENTS ENHANCED GLOBAL DIVIDEND & INCOME FUND', 'DELAWARE INVESTMENTS FLORIDA INSURED MUNICIPAL INCOME FUND', 'DELAWARE INVESTMENTS GLOBAL DIVIDEND & INCOME FUND INC', 'DELAWARE INVESTMENTS GLOBAL DIVIDEND & INCOME FUND, INC', 'DELAWARE INVESTMENTS INCOME OPPORTUNITIES FUND, L.P.', 'DELAWARE INVESTMENTS MINNESOTA MUNICIPAL INCOME FUND II INC', 'DELAWARE INVESTMENTS MINNESOTA MUNICIPAL INCOME FUND II, INC', 'DELAWARE INVESTMENTS MINNESOTA MUNICIPAL INCOME FUND III INC', 'DELAWARE INVESTMENTS MINNESOTA MUNICIPAL INCOME FUND INC', 'DELAWARE INVESTMENTS NATIONAL MUNICIPAL INCOME FUND', 'DELAWARE INVESTMENTS STABLE VALUE FIXED INCOME FUND LP', 'DELAWARE INVESTMENTS U.S., INC.', 'DELAWARE INVESTMENTS US INC', 'DELAWARE IVY HIGH INCOME OPPORTUNITIES FUND', 'DELAWARE MANAGEMENT CO INC/DE/', 'DELAWARE MANAGEMENT CO INC/DEL', 'DELAWARE MANAGEMENT HOLDINGS CO INC', 'DELAWARE MANAGEMENT HOLDINGS INC', 'DELAWARE MANAGEMENT HOLDINGS, INC.', 'DELAWARE POOLED TRUST INC', 'DELAWARE SECURITIES INC                                 /BD', 'DELAWARE SERVICE CO INC /PA/                            /TA', 'DELAWARE SERVICE CO INC /PA/ /TA', 'DELAWARE VALLEY FINANCIAL GROUP, INC.', 'DELAWARE VALLEY RAILWAY CO INC', 'DELAWARE VALLEY VENTURE CAPITAL, INC.', 'DEXTER ACQUISITION DELAWARE INC', 'DFJ GOTHAM PRINCIPALS FUND II, A DELAWARE MULTIPLE SERIES LLC', 'DOMTAR DELAWARE INVESTMENTS INC.', 'ECHO TECHNOLOGY (DELAWARE) INC.', 'EMERALD DELAWARE INC', 'ENGLE HOMES DELAWARE INC', 'ENTERGY GLOBAL INVESTMENTS OF DELAWARE, INC.', 'EXPLORATION CO OF DELAWARE INC', 'FASTENTECH DELAWARE HOLDINGS, INC.', 'FSM-DELAWARE, INC.', 'FUTECH INTERACTIVE PRODUCTS DELAWARE INC', 'GCP SUNSHINE ACQUISITION, INC. A DELAWARE CORP', 'GLOBAL UNIVERSAL INC OF DELAWARE', 'GNC US DELAWARE INC', 'GOLDMAIL INC., A DELAWARE CORP', 'GS&A PREMIUM INCOME FUND (DELAWARE) LP', 'GS&A TACTICAL FIXED INCOME FUND (DELAWARE) LP', 'HABITAWARE, INC.', 'HHC DELAWARE, INC.', 'HMH HOLDINGS (DELAWARE), INC.', 'HP DELAWARE, INC.', 'INFRAWARE INC', 'INTER TEL (DELAWARE), INC', 'INTER TEL DELAWARE INC', 'INTRAWARE INC', 'ITT WATER TECHNOLOGY DELAWARE, INC.', 'JJO DELAWARE INC', 'JMD DELAWARE INC', 'JOES CRAB SHACK - DELAWARE INC', 'JOY MM DELAWARE INC', 'JOY TECHNOLOGIES DELAWARE INC', 'JPMORGAN PRINCIPAL FUNDING OF DELAWARE, LLC', 'JPMORGAN TAX AWARE ENHANCED INCOME FUND', 'JPMORGAN TAX AWARE SHORT INTERMEDIATE INCOME FUND', 'JUSTICE DELAWARE HOLDCO INC.', 'K. HOVNANIAN DEVELOPMENTS OF DELAWARE, INC.', 'KEVCO DELAWARE INC', 'KF-DELAWARE INC', 'KINDER MORGAN DELAWARE INC', 'KONAWARE INC', 'KOPPERS DELAWARE INC', 'KOPPERS INDUSTRIES OF DELAWARE INC', 'LANDRYS SEAFOOD HOUSE - DELAWARE INC', 'LEVEL 3 DELAWARE HOLDINGS INC', 'LINCOLN NATIONAL SOCIAL AWARENESS FUND INC', 'MACDERMID DELAWARE INC', 'MAGNACHIP SEMICONDUCTOR, INC. (DELAWARE)', 'MANOR CARE OF DELAWARE COUNTY INC', 'MATRIX REHABILITATION DELAWARE INC', 'MEDAWARE SOLUTIONS, INC.', 'MEDAWARE SYSTEMS, INC.', 'MHF HOLDINGS OF DELAWARE INC', 'MICHAEL FOODS OF DELAWARE INC', 'MORAWARE INC', 'MULTITUDE, INC.\\\\ DELAWARE', 'NATIONAL AUSTRALIA FUNDING (DELAWARE) INC.', 'NCD INVESTORS, A DELAWARE MULTIPLE SERIES LLC/SERIES NEOS, INC. - BRIDGE LOAN', 'NCD INVESTORS, A DELAWARE MULTIPLE SERIES LLC/VISIBLE MEASURES, INC. SERIES A-1 (NCD SERIES A)', 'NDSP DELAWARE INC', 'NORTH AMERICAN ENERGY OF DELAWARE INC /DE/', 'NORTHGATE PARTNERS, A DELAWARE MULTIPLE SERIES LLC/NCD INVESTORS, A DELAWARE MULTIPLE SERIES LLC/SERIES NEOS, INC. - BRIDGE LOAN (NCD SERIES A)', 'NOVINT TECHNOLOGIES DELAWARE INC', 'NR DELAWARE INC', 'NRE DELAWARE, INC.', 'NRG INDUSTRIES, INC. (DELAWARE ENTITY)', 'NSM STEEL DELAWARE INC', 'NTL DELAWARE INC', 'OAKTREE ABSOLUTE RETURN INCOME FUND HOLDINGS (DELAWARE), L.P.', 'OAKTREE EUROPEAN PRINCIPAL FUND III (DELAWARE), L.P.', 'OAKTREE PRINCIPAL FUND V (DELAWARE), L.P.', 'OAKTREE PRINCIPAL FUND V (PARALLEL) AIF (DELAWARE), L.P.', 'OAKTREE PRINCIPAL FUND V AIF (DELAWARE), L.P.', 'OAKTREE PRINCIPAL V CONTINUATION FUND (PARALLEL 2) AIF (DELAWARE), L.P.', 'OAKTREE PRINCIPAL V CONTINUATION FUND (PARALLEL) AIF (DELAWARE), L.P.', 'OAKTREE PRINCIPAL V CONTINUATION FUND AIF (DELAWARE), L.P.', 'OCM EUROPEAN PRINCIPAL OPPORTUNITIES FUND II (DELAWARE) LP', 'OCM OPPORTUNITIES FUND VII DELAWARE GP INC.', 'OCM PRINCIPAL OPPORTUNITIES FUND IV AIF (DELAWARE), L.P.', 'OCM PRINCIPAL OPPORTUNITIES FUND IV DELAWARE GP INC.', 'OCM PRINCIPAL OPPORTUNITIES FUND IV DELAWARE, L.P.', 'ONTECH DELAWARE INC', 'PALOMAR VENTURES III PRINCIPALS FUND DELAWARE MULTIPLE SERIES LLC', 'PEC (DELAWARE), INC.', 'PEC DELAWARE INC', 'PEP BOYS MANNY MOE & JACK OF DELAWARE INC', 'PETROFINA DELAWARE INC', 'PHILIP SERVICES DELAWARE INC', 'PLATFORM DELAWARE HOLDINGS, INC.', 'POSM DELAWARE, INC.', 'PRECISE TECHNOLOGY OF DELAWARE INC', 'PSS DELAWARE CO 2 INC', 'PSS DELAWARE CO 3 INC', 'PSS DELAWARE CO 4 INC', 'PSS DELAWARE INC', 'PTS DELAWARE INC', 'PYRAMID DELAWARE MERGER SUBSIDIARY, INC.', 'RADNOR DELAWARE II INC', 'RADNOR MANAGEMENT DELAWARE INC', 'REHAB PROVIDER NETWORK-DELAWARE INC', 'RELIANT ENERGY SABINE DELAWARE INC', 'RETAIL AWARE INC.', 'REXALL US DELAWARE, INC.', 'RICHMOND AMERICAN HOMES OF DELAWARE INC', 'RIPPLE INC. OF DELAWARE', 'RITE AID OF DELAWARE, INC.', 'RURAL/METRO (DELAWARE) INC.', 'SEAWAY NETWORKS DELAWARE INC', 'SEITEL DELAWARE, INC.', 'SELIGMAN TAX AWARE FUND INC /NY/                        /TA', 'SELIGMAN TAX AWARE FUND INC', 'SELIGMAN TAX-AWARE FUND INC', 'SERVICEMASTER INCORPORATED OF DELAWARE', 'SFX DELAWARE INC', 'SITKA, INC./DELAWARE', 'SKARP TECHNOLOGIES (DELAWARE) INC.', 'SOUTHERN JERSEY BANCORP OF DELAWARE INC', 'SPECTRUM HEALTHCARE RESOURCES OF DELAWARE, INC.', 'STATIA DELAWARE HOLDCO II INC', 'STATIA TERMINALS DELAWARE INC', 'STYROCHEM DELAWARE INC', 'STYROCHEM EUROPE DELAWARE INC', 'SUB SURFACE WASTE MANAGEMENT OF DELAWARE INC', 'SYNAGRO DELAWARE INC', 'TA DELAWARE, INC.', 'TA OF DELAWARE INC', 'TD DELAWARE, INC.', 'TELOCITY DELAWARE INC', 'THE DELAWARE BAY COMPANY, INC.', 'THIRD PLACE, INC. /DELAWARE/', 'THOUSAND, INC., A DELAWARE PUBLIC BENEFIT CORP', 'TOTAL DELAWARE, INC.', 'TOUSA DELAWARE INC', 'TOWER AUTOMOTIVE DELAWARE INC', 'TOWERS WATSON DELAWARE HOLDINGS INC.', 'TOWERS WATSON DELAWARE INC.', 'TOYS R US DELAWARE INC', 'TZEE INC A DELAWARE CO', 'UHS OF DELAWARE, INC.', 'UNION SQUARE PRINCIPALS 2004, A DELAWARE MULTIPLE SERIES LLC', 'UNITED RENTALS (DELAWARE), INC.', 'UNITED RENTALS DELAWARE INC', 'UNX, INC. A DELAWARE CORPORATION', 'VERIZON DELAWARE INC', 'VODAWARE INC.', 'WALLAWARE INC', 'WEIGH TRONIX DELAWARE INC', 'WELLAWARE HOLDINGS, INC.', 'WELLAWARE SYSTEMS, INC.', 'WILCOX & GIBBS FILIX OF DELAWARE INC', 'WILLIAMS HOLDINGS OF DELAWARE INC', 'WILSONS LEATHER OF DELAWARE INC', 'WINCUP EUROPE DELAWARE INC', 'WISER OIL DELAWARE INC', 'XAWARE INC', 'YUMA DELAWARE MERGER SUBSIDIARY, INC.', 'ZALE DELAWARE INC']",AWARE INC
BARRACUDA NETWORKS INC,0001348334,['BARRACUDA NETWORKS INC'],BARRACUDA NETWORKS INC
BENEFITFOCUS INC,0001576169,"['BENEFITFOCUS COM INC', 'BENEFITFOCUS, INC.', 'BENEFITFOCUS,INC.']","BENEFITFOCUS, INC."
BENTLEY SYSTEMS INC,0001031308,['BENTLEY SYSTEMS INC'],BENTLEY SYSTEMS INC
BIGCOMMERCE HOLDIN INC,0001626450,"['BIGCOMMERCE HOLDINGS, INC.']","BIGCOMMERCE HOLDINGS, INC."
BILL.COM HOLDINGS INC,0001786352,"['BILL.COM HOLDINGS, INC.']","BILL.COM HOLDINGS, INC."
BIO-KEY INTERNATIONAL INC,,,
BLACK BOX CORP,0000849547,['BLACK BOX CORP'],BLACK BOX CORP
BLACKBAUD INC,0001280058,['BLACKBAUD INC'],BLACKBAUD INC
BLACKBOXSTOCKS INC,0001567900,['BLACKBOXSTOCKS INC.'],BLACKBOXSTOCKS INC.
BLACKLINE INC,0001666134,"['BLACKLINE, INC.']","BLACKLINE, INC."
BLAQCLOUDS INC,,,
BOTTOMLINE TECHNOLOGIES INC,0001073349,"['BOTTOMLINE TECHNOLOGIES DE INC', 'BOTTOMLINE TECHNOLOGIES INC /DE/', 'BOTTOMLINE TECHNOLOGIES INC']",BOTTOMLINE TECHNOLOGIES INC
BOX INC,0001372612,"['ADVANCED BOX INC', 'AIMPLYBOX INC', 'APPLE BOX PRODUCTIONS SUB INC', 'ASIAN BOX HOLDINGS, INC.', 'BALLBOX, INC.', 'BARKBOX, INC.', 'BEAN BOX, INC.', 'BENTOBOX CMS INC.', 'BIG BOX CORE REIT I, INC.', 'BIG BOX CORE REIT II, INC.', 'BIG BOX CORE REIT III, INC.', 'BIG BOX REIT A, INC.', 'BIG BOX REIT B, INC.', 'BIG BOX REIT C, INC.', 'BIG BOX REIT D, INC.', 'BIG BOX REIT E, INC.', 'BIG BOX REIT F-2, INC.', 'BIGBOX VR, INC.', 'BILLBOX INC.', 'BIRCHBOX, INC.', 'BLACKBOX BIOMETRICS, INC.', 'BLACKBOX SEMICONDUCTOR, INC.', 'BLACKBOXSTOCKS INC.', 'BLUBOX ENERGY, INC.', 'BLUE BOX GROUP, INC.', 'BOX ENTERTAINMENT INC.', 'BOX INC', 'BOX SHIPS INC.', 'BOX USA GROUP INC', 'BOX USA INC', 'BOX WORLDWIDE INC', 'BOX.NET INC', 'BOXABL INC.', 'BOXBE INC', 'BOXCAST INC.', 'BOXCEIPTS.COM, INC.', 'BOXED, INC.', 'BOXEE, INC.', 'BOXER ASSET MANAGEMENT INC.', 'BOXER CROSS INC', 'BOXER INC.', 'BOXER INDUSTRIES, INC.', 'BOXER PARENT CO INC', 'BOXES INC.', 'BOXFOX GROUP INC.', 'BOXICOM INC', 'BOXIZ, INC.', 'BOXLOCK, INC.', 'BOXMAGIC, INC.', 'BOXSCORE BRANDS, INC.', 'BOXTONE INC', 'BOXWOOD VENTURES, INC.', 'BOXWOODS, INC', 'BOXX MODULAR HOLDINGS INC.', 'BOXX TECHNOLOGIES INC', 'BOXXET INC', 'BOXXY INC.', 'BOXYHQ INC.', 'BRAINBOX ENTERPRISES INC', 'BRAINBOX SOLUTIONS, INC.', 'BRIGHTBOX, INC.', 'BROWN BOX FINANCIAL SERVICES, INC.', 'BUSYBOX COM INC', 'BUZZBOX PREMIUM COCKTAILS INC.', 'CASCADES BOXBOARD GROUP INC', 'CASCADES BOXBOARD INC', 'CASCADES BOXBOARD U S HOLDINGS INC', 'CASCADES BOXBOARD U S INC', 'CHATBOX INC.', 'CLEANBOX TECHNOLOGY INC.', 'CLEANBOX TECHNOLOGY, INC.', 'CLEARBOX DECISIONS INC.', 'CLINICALBOX, INC.', 'CLOSETBOX, INC.', 'CLOUDBOX INC.', 'CODESANDBOX, INC.', 'COLD BOX EXPRESS, INC.', 'COLLATEBOX INC.', 'CRAVEBOX, INC.', 'CROSSBOX, INC.', 'D-BOX TECHNOLOGIES INC.', 'DATABOX, INC.', 'DATEBOX, INC.', 'DEAL BOX, INC.', 'DIGITAL SANDBOX INC', 'DIGITAL SANDBOX, INC.', 'DIOBOX INC.', 'DOBOX INC', 'DOCBOX INC', 'DREAMBOX LEARNING INC', 'DREAMBOX LEARNING, INC.', 'DROPBOX, INC.', 'DRYVEBOX, INC.', 'EBOXCHAIN, INC.', 'ELEPHANT IN A BOX, INC.', 'ENGAGEINBOX. INC.', 'FAITHBOX, INC.', 'FANBOX SUBSCRIPTION SERVICES, INC.', 'FARM FROM A BOX INC.', 'FARM FROM A BOX, INC.', 'FARMBOX DIRECT INC.', 'FILTRBOX INC', 'FNBOX VENTURES INC.', 'FRACTALBOX INC', 'GAWKBOX, INC.', 'GENERGY POWERBOX INC', 'GLASSBOX INC', 'GLOVEBOX, INC.', 'GREEN BOX DISPENSER INC.', 'GREEN POLKADOT BOX INC', 'GREENBOX TECHNOLOGY INC.', 'GUIDEBOX INC.', 'HAMILTON HEALTH BOX, INC.', 'HOME BOX OFFICE, INC.', 'HOT DOG BOX INC', 'ICEBOX HOLDINGS, INC.', 'ICEBOX INC.', 'INBOX, INC.', 'INBOXAPP, INC.', 'INBOXER INC', 'INDIEBOX, INC.', 'INFINITY BOX INC', 'INTO THE BOX INC.', 'JACK IN THE BOX INC /NEW/', 'JACK IN THE BOX INC', 'JOBOX, INC.', 'JOYBOX STUDIOS, INC.', 'JUICEBOXJUNGLE, INC.', 'JUKEBOX SPORTS NETWORKS INC', 'JUNE BLACKBOX, INC.', 'KELLER DROP BOX, INC.', 'KICKBOX, INC.', 'KIDBOX.COM, INC.', 'KIWIBOX.COM, INC.', 'LEDEBOX INC.', 'LIGHTBOX NETWORK INC', 'LITEBOXER TECHNOLOGIES, INC.', 'LOCKBOX LINK, INC.', 'LOGICBOX SOFTWARE, INC.', 'LUNCHBOX INC', 'LUNCHBOX TECHNOLOGIES INC.', 'MADISON RETAIL BOX CONVERSION REIT, INC.', 'MAGAZINE JUKEBOX, INC.', 'MAIL BOXES ETC USA INC', 'MAPBOX, INC.', 'MATCHBOX.IO, INC.', 'ME!BOX MEDIA, INC.', 'MEDBOX, INC.', 'MINDBOX INC', 'MISSIONBOX, INC.', 'MISTBOX, INC.', 'MOMBOX, INC.', 'MONARCH BOX INC', 'MOTIONBOX INC', 'MOVING BOX INC', 'MY AD BOX INC', 'MYLAB BOX, INC.', 'MYSTERY TACKLE BOX, INC.', 'NANOBOX, INC.', ""NATURE'S TOOLBOX, INC."", 'NATUREBOX, INC.', 'NIMBLEBOX, INC.', 'NOOTROBOX, INC.', 'OPEN BOX TECHNOLOGIES INC', 'OPOBOX, INC', 'OTHERINBOX, INC.', 'OUT OF THE BOX COLLECTIVE, INC.', 'OUTBOX SYSTEMS, INC.', 'OUTBOX, INC.', 'OXFORD LOCKBOX, INC.', 'PAGODA BOX, INC.', 'PLAYBOX (US) INC.', 'POPPYBOX GARDENS INC/OR', 'PRODUCTBOX, INC.', 'PROMOBOXX, INC.', 'PROXBOX, INC.', 'QBOX INC.', 'QUEEN CITY BOXES, INC.', 'RALLIBOX, INC.', 'RAZORBOX INC', 'REDBOX ENTERTAINMENT INC.', 'REDBOX INCENTIVES, LLC', 'ROLLBOX, INC.', 'ROUNDBOX FIXED INCOME FUND, LLC', 'ROUNDBOX INC', 'SALTBOX MGMT INC.', 'SANDBOX SCIENTIFIC I P INC', 'SANDBOXR, INC.', 'SCENTBOX, INC.', 'SERIAL BOX PUBLISHING INC.', 'SERIAL BOX PUBLISHING, INC.', 'SHOEBOXED, INC.', 'SHOPINBOX INC', 'SIGHTBOX, INC.', 'SIMPLYBOX INC', 'SKYBOX IMAGING, INC.', 'SKYBOX INTERNATIONAL INC', 'SKYBOX SECURITY INC', 'SKYBOX SPORTS NETWORK INC', 'SLEEPBOX, INC.', 'SMALL BOX ENERGY, INC.', 'SMILEBOX INC', 'SOAPBOX INC', 'SOAPBOX MEDIA, INC.', 'SOMEBOX, INC.', 'SPRINGBOX LABS, INC.', 'STEELBOX NETWORKS INC', 'STOBOX INC.', 'SUGGESTION BOX, INC.', 'SUPERBOX BRANDS, INC.', 'SUPERBOX, INC.', 'SWAYBOX STUDIOS, INC.', 'SWELLBOX, INC.', 'TARBOX FAMILY OFFICE, INC.', 'TARBOX GROUP, INC.', 'THINKINGBOX HOLDINGS INC.', 'THRILL BOX, INC.', 'TINDERBOX, INC.', 'TOGOBOX INC.', 'TOOLBOX OS, INC.', 'TOPBOX, INC.', 'ULTIMATE JUKEBOX INC', 'UNDISPUTED BOXING, INC.', 'USED CARDBOARD BOXES INC', 'VBOX, INC.', 'VIDBOX INC', 'VIDBOX MEXICO, INC.', 'VIDEO JUKEBOX NETWORK INC', 'VOICEBOX INC', 'VOICEBOX TECHNOLOGIES INC', 'WELLBOX INC.', 'WHIMSEYBOX, INC.', 'WHISTLEBOX INC', 'WHITEBOX TECHNOLOGIES, INC.', 'WIDGETBOX INC', 'WITHOUT A BOX INC', 'WORKBOX HOLDINGS, INC.', 'XBOX TECHNOLOGIES INC', 'ZINGBOX, INC.', 'ZUMBOX INC', 'ZUMBOX, INC.']",BOX INC
BOXLIGHT CORP,0001624512,['BOXLIGHT CORP'],BOXLIGHT CORP
BRAVATEK SOLUTIONS INC,0001449574,"['BRAVATEK SOLUTIONS, INC.']","BRAVATEK SOLUTIONS, INC."
BRIDGELINE DIGITAL INC,0001378590,"['BRIDGELINE DIGITAL, INC.']","BRIDGELINE DIGITAL, INC."
BRIDGEWAY NATIONAL CORP,0001567771,['BRIDGEWAY NATIONAL CORP.'],BRIDGEWAY NATIONAL CORP.
B-SCADA INC,0001341878,"['B-SCADA, INC.']","B-SCADA, INC."
BSQUARE CORP,0001054721,['BSQUARE CORP /WA'],BSQUARE CORP /WA
BUSYBOX.COM INC,,,
CADENCE DESIGN SYSTEMS INC,0000813672,['CADENCE DESIGN SYSTEMS INC'],CADENCE DESIGN SYSTEMS INC
CDK GLOBAL INC,0001609702,"['CDK GLOBAL, INC.']","CDK GLOBAL, INC."
CERENCE INC,0001768267,['CERENCE INC.'],CERENCE INC.
CERIDIAN CORP,0000109758,"['CERIDIAN CORP /DE/', 'CERIDIAN CORP', 'NEW CERIDIAN CORP']",CERIDIAN CORP
CERIDIAN HCM HOLDING,0001725057,['CERIDIAN HCM HOLDING INC.'],CERIDIAN HCM HOLDING INC.
CHANGSHENG INTERNATIONAL GRO,0001451797,['CHANGSHENG INTERNATIONAL GROUP LTD'],CHANGSHENG INTERNATIONAL GROUP LTD
CHANNELADVISOR CORP,0001172721,"['CHANNELADVISOR  CORP', 'CHANNELADVISOR CORP']",CHANNELADVISOR CORP
CHINA YANYUN YHU NTL ED GRP,,,
CICERO INC,0000945384,"['CICERO INC', 'CICERO TRANSACT GROUP INC.', 'CICERO, INC.']",CICERO INC
CIMETRIX INC,0001395938,['CIMETRIX INC'],CIMETRIX INC
CIPHERLOC CORP,0001022505,['CIPHERLOC CORP'],CIPHERLOC CORP
CITRIX SYSTEMS INC,0000877890,['CITRIX SYSTEMS INC'],CITRIX SYSTEMS INC
CLEANSPARK INC,0000827876,"['CLEANSPARK, INC.']","CLEANSPARK, INC."
CLICKSTREAM CORP,0001393548,['CLICKSTREAM CORP'],CLICKSTREAM CORP
CLONE ALGO TECHNOLOGIES INC,0001582589,['CLONE ALGO TECHNOLOGIES INC.'],CLONE ALGO TECHNOLOGIES INC.
CLOUDERA INC,0001535379,"['CLOUDERA, INC.']","CLOUDERA, INC."
CLOUDFLARE INC,0001477333,"['CLOUDFLARE, INC.']","CLOUDFLARE, INC."
CLOUDWARD INC,,,
CODE REBEL CORP,0001613011,['CODE REBEL CORP'],CODE REBEL CORP
COM GUARD.COM INC,,,
COMMVAULT SYSTEMS INC,0001169561,['COMMVAULT SYSTEMS INC'],COMMVAULT SYSTEMS INC
CORNERSTONE ONDEMAND INC,0001401680,['CORNERSTONE ONDEMAND INC'],CORNERSTONE ONDEMAND INC
COUPA SOFTWARE INC,0001385867,['COUPA SOFTWARE INC'],COUPA SOFTWARE INC
CROWDSTRIKE HOLDINGS INC,0001535527,"['CROWDSTRIKE HOLDINGS, INC.']","CROWDSTRIKE HOLDINGS, INC."
CYBERFORT SOFTWARE INC,0001522787,"['CYBERFORT SOFTWARE, INC.']","CYBERFORT SOFTWARE, INC."
CYREN LTD,0001084577,['CYREN LTD.'],CYREN LTD.
DATADOG INC,0001561550,"['DATADOG, INC.']","DATADOG, INC."
DATTO HOLDING CORP,0001724570,['DATTO HOLDING CORP.'],DATTO HOLDING CORP.
DEALERADVANCE INC,0001133598,"['DEALERADVANCE, INC.']","DEALERADVANCE, INC."
DIGILITI MONEY GROUP INC,0001487906,"['DIGILITI MONEY GROUP, INC.']","DIGILITI MONEY GROUP, INC."
DIGIMARC CORP,0001438231,['DIGIMARC CORP'],DIGIMARC CORP
DIGITAL TURBINE INC,0000317788,"['DIGITAL TURBINE MEDIA, INC.', 'DIGITAL TURBINE USA, INC.', 'DIGITAL TURBINE, INC.']","DIGITAL TURBINE, INC."
DOCUSIGN INC,0001261333,"['DOCUSIGN INC', 'DOCUSIGN, INC.']",DOCUSIGN INC
DOMO INC,0001129236,"['ADOMO INC', 'ADOMO/ROGERS TECHNOLOGY INC', 'DOMO, INC.', 'DOMOCHI INC.', 'PERDOMO & SONS, INC.', 'TRUDOMO INC']",ADOMO INC
DROPBOX INC,0001467623,"['DROPBOX, INC.']","DROPBOX, INC."
DUCK CREEK TECHNOL INC,0001160951,"['DUCK CREEK TECHNOLOGIES INC', 'DUCK CREEK TECHNOLOGIES, INC.']",DUCK CREEK TECHNOLOGIES INC
DYNATRACE INC,0001773383,"['DYNATRACE SOFTWARE INC', 'DYNATRACE SOFTWARE, INC.', 'DYNATRACE, INC.']","DYNATRACE, INC."
E2OPEN INC,0001540400,"['E2OPEN INC', 'E2OPEN PARENT HOLDINGS, INC.']",E2OPEN INC
EBIX INC,0000814549,"['CEBIX INC', 'CEBIX INCOPRATED', 'DEBIX ONE INC', 'EBIX COM INC', 'EBIX INC', 'WEBIX INC                                               /BD']",EBIX INC
ECOARK HOLDINGS INC,0001437491,"['ECOARK HOLDINGS, INC.']","ECOARK HOLDINGS, INC."
EGAIN CORP,0001066194,"['EGAIN COMMUNICATIONS CORP', 'EGAIN CORP']",EGAIN CORP
ELASTIC NETWORKS INC,0001088242,['ELASTIC NETWORKS INC'],ELASTIC NETWORKS INC
ELASTIC NV,,,
ELCOM INTERNATIONAL INC,0000900096,['ELCOM INTERNATIONAL INC'],ELCOM INTERNATIONAL INC
ENTERPRISE INFORMATICS INC,0000813747,['ENTERPRISE INFORMATICS INC'],ENTERPRISE INFORMATICS INC
ENVESTNET INC,0001337619,"['ENVESTNET ASSET MANAGEMENT GROUP INC', 'ENVESTNET ASSET MANAGEMENT INC', 'ENVESTNET GROUP INC', 'ENVESTNET, INC.']","ENVESTNET, INC."
EVERBRIDGE INC,0001437352,"['EVERBRIDGE, INC.']","EVERBRIDGE, INC."
EVOLVING SYSTEMS INC,0001052054,['EVOLVING SYSTEMS INC'],EVOLVING SYSTEMS INC
EZENIA INC,0000943894,['EZENIA INC'],EZENIA INC
FAIR ISAAC CORP,0000814547,['FAIR ISAAC CORP'],FAIR ISAAC CORP
FALCONSTOR SOFTWARE INC,0000922521,['FALCONSTOR SOFTWARE INC'],FALCONSTOR SOFTWARE INC
FANTASY ACES DAILY FANTASY,0001653115,['FANTASY ACES DAILY FANTASY SPORTS CORP'],FANTASY ACES DAILY FANTASY SPORTS CORP
FASTLY INC,0001517413,"['FASTLY, INC.']","FASTLY, INC."
FIREEYE INC,0001370880,"['FIREEYE INC', 'FIREEYE, INC.']",FIREEYE INC
FIVE9 INC,0001288847,"['FIVE9, INC.']","FIVE9, INC."
FLEXSHARES IBOXX 3-YR TAR FD,,,
FLEXSHARES IBOXX 5-YR TAR FD,,,
FORTINET INC,0001262039,"['FORTINET INC', 'FORTINET, INC.']",FORTINET INC
FRIENDFINDER NETWORKS INC,0001451951,['FRIENDFINDER NETWORKS INC.'],FRIENDFINDER NETWORKS INC.
GIVEMEPOWER CORP,0001064722,['GIVEMEPOWER CORP'],GIVEMEPOWER CORP
GRANDPARENTS.COM INC,0001020475,"['GRANDPARENTS.COM, INC.']","GRANDPARENTS.COM, INC."
GREEN POLKADOT BOX INC,0001159464,['GREEN POLKADOT BOX INC'],GREEN POLKADOT BOX INC
GSE SYSTEMS INC,0000944480,['GSE SYSTEMS INC'],GSE SYSTEMS INC
GTY TECHNOLOGY HOLDINGS,0001682325,['GTY TECHNOLOGY HOLDINGS INC.'],GTY TECHNOLOGY HOLDINGS INC.
GUIDEWIRE SOFTWARE INC,0001528396,"['GUIDEWIRE SOFTWARE, INC.']","GUIDEWIRE SOFTWARE, INC."
HOPTO INC,0001021435,['HOPTO INC.'],HOPTO INC.
HRSOFT INC,,,
HUBSPOT INC,0001404655,['HUBSPOT INC'],HUBSPOT INC
IBSG INTERNATIONAL INC,0001031905,['IBSG INTERNATIONAL INC'],IBSG INTERNATIONAL INC
IDEANOMICS INC,0000837852,"['IDEANOMICS, INC.']","IDEANOMICS, INC."
IMAGEWARE SYSTEMS INC,0000941685,['IMAGEWARE SYSTEMS INC'],IMAGEWARE SYSTEMS INC
INFORMATION RESOURCES INC,0000714278,"['INFORMATION MANAGEMENT RESOURCES INC', 'INFORMATION RESOURCES INC']",INFORMATION RESOURCES INC
INTEGRATED BUSINESS SYS &SVC,,,
INTELLIGENT SYSTEM CORP,0000320340,['INTELLIGENT SYSTEMS CORP'],INTELLIGENT SYSTEMS CORP
INTELLINETICS INC,0001081745,"['INTELLINETICS, INC.']","INTELLINETICS, INC."
INTERMAP TECHNOLOGIES CORP,0001285170,['INTERMAP TECHNOLOGIES CORP'],INTERMAP TECHNOLOGIES CORP
INTERNATIONAL LEADERS CAP CO,0001470550,['INTERNATIONAL LEADERS CAPITAL CORP'],INTERNATIONAL LEADERS CAPITAL CORP
INTRUSION INC,0000736012,"['INTRUSION COM INC', 'INTRUSION INC']",INTRUSION INC
INTUIT INC,0000896878,"['COUNTER-INTUITIVE COOKING INC.', 'INTUIT BEAUTY INC', 'INTUIT INC', 'INTUIT VENTURES INC', 'INTUITIVE AUTOMATA INC.', 'INTUITIVE BIOSCIENCES, INC.', 'INTUITIVE HEALTH, INC.', 'INTUITIVE INCODEMA3D LLC', 'INTUITIVE MOTION, INC.', 'INTUITIVE SURGICAL INC', 'INTUITIVEX, INC.', 'INTUITUION INTELLIGENCE INC', 'INTUITY MEDICAL, INC.']",INTUIT INC
INUVO INC,0000829323,"['INUVO, INC.']","INUVO, INC."
IRONCLAD ENCRYPTION CORP,0001455926,['IRONCLAD ENCRYPTION CORP'],IRONCLAD ENCRYPTION CORP
ISHARES IBOXX HIGH YLD CP BD,,,
ISHARES IBOXX INVST GR CP BD,,,
ISIGN SOLUTIONS INC,0000727634,"['ISIGN MEDIA SOLUTIONS INC.', 'ISIGN SOLUTIONS INC.']",ISIGN SOLUTIONS INC.
ISOCIALY INC,0001716726,"['ISOCIALY, INC.']","ISOCIALY, INC."
ISSUER DIRECT CORP,0000843006,['ISSUER DIRECT CORP'],ISSUER DIRECT CORP
IVEDA SOLUTIONS INC,0001397183,"['IVEDA SOLUTIONS, INC.']","IVEDA SOLUTIONS, INC."
J2 GLOBAL INC,0001084048,"['J2 GLOBAL COMMUNICATIONS INC', 'J2 GLOBAL, INC.']","J2 GLOBAL, INC."
JACK IN THE BOX INC,0001064030,"['JACK IN THE BOX INC /NEW/', 'JACK IN THE BOX INC']",JACK IN THE BOX INC
JAMF HOLDING CORP,0001721947,['JAMF HOLDING CORP.'],JAMF HOLDING CORP.
JDA SOFTWARE GROUP INC,0001006892,['JDA SOFTWARE GROUP INC'],JDA SOFTWARE GROUP INC
JFROG LTD,0001800667,['JFROG LTD'],JFROG LTD
KIWIBOX COM INC,0000838796,"['KIWIBOX.COM, INC.']","KIWIBOX.COM, INC."
KRONOS INC,0001257640,"['KRONOS ADVANCED TECHNOLOGIES INC', 'KRONOS BIO, INC.', 'KRONOS FOODS INC', 'KRONOS INC', 'KRONOS INTERNATIONAL INC', 'KRONOS WORLDWIDE INC']",KRONOS INC
LAWSON SOFTWARE INC,0001141517,"['LAWSON SOFTWARE AMERICAS, INC', 'LAWSON SOFTWARE INC', 'LAWSON SOFTWARE, INC.']",LAWSON SOFTWARE INC
LEVELBLOX INC,0001473654,"['LEVELBLOX, INC.']","LEVELBLOX, INC."
LIQUI-BOX CORP,,,
LIQUID HOLDINGS GROUP INC,0001562594,"['LIQUID HOLDINGS GROUP, INC.']","LIQUID HOLDINGS GROUP, INC."
LIVE MICROSYSTEMS INC,,,
LIVEPERSON INC,0001102993,['LIVEPERSON INC'],LIVEPERSON INC
MAIL BOXES ETC,0000791014,"['MAIL BOXES ETC USA INC', 'MAIL BOXES ETC']",MAIL BOXES ETC
MANHATTAN ASSOCIATES INC,0001056696,['MANHATTAN ASSOCIATES INC'],MANHATTAN ASSOCIATES INC
MARIN SOFTWARE INC,0001389002,['MARIN SOFTWARE INC'],MARIN SOFTWARE INC
MAX SOUND CORP,0001353499,['MAX SOUND CORP'],MAX SOUND CORP
MEDALLIA INC,0001540184,"['MEDALLIA INC.', 'MEDALLIA, INC.']",MEDALLIA INC.
MEDALLIANCE INC,,,
MEDIATECHNICS CORP,,,
MGT CAPITAL INVESTMENTS INC,0001001601,"['MGT CAPITAL INVESTMENTS INC', 'MGT CAPITAL INVESTMENTS, INC.']",MGT CAPITAL INVESTMENTS INC
MICROSOFT CORP,0000789019,['MICROSOFT CORP'],MICROSOFT CORP
MICROSTRATEGY INC,0001050446,['MICROSTRATEGY INC'],MICROSTRATEGY INC
MITEK SYSTEMS INC,0000807863,['MITEK SYSTEMS INC'],MITEK SYSTEMS INC
MIX TELEMATICS LTD,0001576914,['MIX TELEMATICS LTD'],MIX TELEMATICS LTD
MOBILEIRON INC,0001470099,"['MOBILEIRON, INC.']","MOBILEIRON, INC."
MODEL N INC,0001118417,"['ADVANCED INDUSTRIAL MODELING INC', 'APPLIED MATH MODELING, INC.', 'BIOMEDICAL RESEARCH MODELS INC', 'BIOMODELING SOLUTIONS, INC.', 'DUBOSE MODEL HOME INCOME FUND #4 LTD', 'DUBOSE MODEL HOME INCOME FUND #5 L P', 'DUBOSE MODEL HOME INCOME FUND 3 LTD', 'FINANCIAL MODELS HOLDINGS INC', 'LIFEMODELER INC', 'MODEL IMPERIAL INC', 'MODEL MEDICINES, INC.', 'MODEL METRICS, INC.', 'MODEL N INC', 'MODEL N, INC.', 'MODELINIA INC', ""MODELL'S SPORTING GOODS ONLINE INC."", 'MODELS INC', 'NETREIT DUBOSE MODEL HOME REIT, INC.', 'ONE MODEL INC.', 'PLAYBOY MODELS INC', 'PRIMA EAST WEST MODEL MANAGEMENT INC', 'PROMODEL GOVERNMENT SOLUTIONS, INC.', 'RAPID RESTORATION & REMODEL, INC', 'REMODEL AUCTION INC', 'REMODELWEST DESIGN INC', 'RESIMODEL, INC.', 'SIMULATED INANIMATE MODELS, INC.', 'SOLID TERRAIN MODELING INC', 'TECHNOLOGY MODELING ASSOCIATES INC', 'TOTAL COMFORT ENERGY EFFICIENCY REMODELERS, INC.', 'U S REMODELERS INC', 'WARNING MODEL MANAGEMENT INC']",MODEL N INC
MONGODB INC,0001441816,"['MONGODB, INC.']","MONGODB, INC."
MONSTER ARTS,0001423746,['MONSTER ARTS INC.'],MONSTER ARTS INC.
NCINO INC,0001902733,"['AMS ENCINO INVESTMENTS, INC.', 'BONVINCINO RICHARD', 'ENCINO HOSPITAL CORPORATION, INC.', 'KLAMARUS DEBORAH VINCINO', 'NCINO OPCO, INC.', 'NCINO, INC.']","NCINO, INC."
NEOMEDIA TECHNOLOGIES INC,0001022701,['NEOMEDIA TECHNOLOGIES INC'],NEOMEDIA TECHNOLOGIES INC
NETSOL TECHNOLOGIES INC,0001039280,['NETSOL TECHNOLOGIES INC'],NETSOL TECHNOLOGIES INC
NEW RELIC INC,0001448056,"['NEW RELIC INC', 'NEW RELIC, INC.']",NEW RELIC INC
NORTONLIFELOCK INC,0000849399,['NORTONLIFELOCK INC.'],NORTONLIFELOCK INC.
NOTIFY TECHNOLOGY CORP,0001031980,['NOTIFY TECHNOLOGY CORP'],NOTIFY TECHNOLOGY CORP
NUANCE COMMUNICATIONS INC,0001002517,"['NUANCE COMMUNICATIONS, INC.']","NUANCE COMMUNICATIONS, INC."
NUTANIX INC,0001618732,"['NUTANIX, INC.']","NUTANIX, INC."
OBLONG INC,0000746210,"['OBLONG INDUSTRIES INC', 'OBLONG INDUSTRIES, INC.', 'OBLONG, INC.']","OBLONG, INC."
OKTA INC,0001660134,"['OKTA, INC.']","OKTA, INC."
OMTOOL LTD,0001020579,['OMTOOL LTD'],OMTOOL LTD
ONESPAN INC,0001044777,['ONESPAN INC.'],ONESPAN INC.
ORACLE CORP,0001341439,"['ORACLE CORP /DE/', 'ORACLE CORP', 'ORACLE HEALTCARE ACQUISITION CORP', 'ORACLE HEALTHCARE ACQUISITION CORP.', 'ORACLE SYSTEMS CORP']",ORACLE CORP
PAGERDUTY INC,0001568100,"['PAGERDUTY, INC.']","PAGERDUTY, INC."
PAID INC,0001017655,"['2KPAID INC.', 'LOANS PAID COM INC', 'PAID INC', 'PAIDIA ESPORTS INC.', 'PRE PAID LEGAL SERVICES INC', 'PRE-PAID LEGAL SERVICES INC', 'PREPAID CARD HOLDINGS, INC.', 'PREPAID EXPENSE CARD SOLUTIONS INC', 'PREPAID SYSTEMS INC', 'PREPAID TECHNOLOGIES COMPANY, INC.', 'PREPAID2CASH HOLDINGS, INC.', 'PREPAIDIAN, INC.']",PAID INC
PALANTIR TECHNOLOG INC,0001321655,"['PALANTIR TECHNOLOGIES INC.', 'PALANTIR TECHNOLOGIES INC']",PALANTIR TECHNOLOGIES INC
PALO ALTO NETWORKS INC,0001327567,['PALO ALTO NETWORKS INC'],PALO ALTO NETWORKS INC
PARETEUM CORP,0001084384,['PARETEUM CORP'],PARETEUM CORP
PARK CITY GROUP INC,0000050471,['PARK CITY GROUP INC'],PARK CITY GROUP INC
PAYBOX CORP,0000879703,['PAYBOX CORP.'],PAYBOX CORP.
PAYCHEX INC,0000723531,['PAYCHEX INC'],PAYCHEX INC
PAYCOM SOFTWARE INC,0001590955,"['PAYCOM SOFTWARE, INC.']","PAYCOM SOFTWARE, INC."
PAYLOCITY HOLDING CORP,0001591698,['PAYLOCITY HOLDING CORP'],PAYLOCITY HOLDING CORP
PEGASYSTEMS INC,0001013857,['PEGASYSTEMS INC'],PEGASYSTEMS INC
PHUNWARE INC,0001665300,"['PHUNWARE, INC.']","PHUNWARE, INC."
PING IDENTITY HOLDING CORP,0001679826,['PING IDENTITY HOLDING CORP.'],PING IDENTITY HOLDING CORP.
PLURALSIGHT INC,0001725579,"['PLURALSIGHT, INC.']","PLURALSIGHT, INC."
PRIMAL SOLUTIONS INC,0001124217,['PRIMAL SOLUTIONS INC'],PRIMAL SOLUTIONS INC
PROGRESS SOFTWARE CORP,0000876167,['PROGRESS SOFTWARE CORP /MA'],PROGRESS SOFTWARE CORP /MA
PROOFPOINT INC,0001212458,['PROOFPOINT INC'],PROOFPOINT INC
PROS HOLDINGS INC,0001392972,"['HANGER PROSTHETICS & ORTHOTICS HOLDINGS INC', 'PROS HOLDINGS, INC.', 'PROSALUTIS HOLDINGS INC.', 'PROSIGHT HOLDINGS INC', 'PROSIGHT SPECIALTY INSURANCE HOLDINGS, INC.', 'PROSOMNUS HOLDINGS INC.', 'PROSPECT INDUSTRIES HOLDINGS INC', 'PROSPECT MEDICAL HOLDINGS INC', 'PROSPIRA PAINCARE HOLDINGS, LLC', 'PROSTAR HOLDINGS INC. /BC', 'WFL PROSPERITY HOLDINGS INC']","PROS HOLDINGS, INC."
PTC INC,0000857005,"['ACCOLADE (PTC) INC.', 'BANKRUPTCY MANAGEMENT SOLUTIONS, INC.', 'PROMPTCARE COMPANIES, INC.', 'PTC INC.', 'PTC THERAPEUTICS INC', 'PTC THERAPEUTICS, INC.', 'RPTC INC.']",PTC INC.
PULSE EVOLUTION CORP,0001583138,['PULSE EVOLUTION CORP'],PULSE EVOLUTION CORP
Q2 HOLDINGS INC,0001410384,"['Q2 HOLDINGS, INC.']","Q2 HOLDINGS, INC."
QAD INC,0001036188,"['QAD INC', 'QADIUM, INC.']",QAD INC
QUALYS INC,0001107843,"['QUALYS INC', 'QUALYS, INC.', 'QUALYST INC']",QUALYS INC
QUANTGATE SYSTEMS INC,,,
QUMU CORP,0000892482,['QUMU CORP'],QUMU CORP
RAADR INC,0001384365,"['RAADR, INC.']","RAADR, INC."
RAND WORLDWIDE INC,0000852437,"['MORF WORLDWIDE BRANDS INC', 'RAND WORLDWIDE INC']",RAND WORLDWIDE INC
RAPID7 INC,0001560327,"['RAPID7 INC', 'RAPID7, INC.']",RAPID7 INC
REALNETWORKS INC,0001046327,['REALNETWORKS INC'],REALNETWORKS INC
REALPAGE INC,0001286225,"['REALPAGE INC', 'REALPAGE, INC.']",REALPAGE INC
RIGHTSCORP INC,0001506270,"['RIGHTSCORP, INC.']","RIGHTSCORP, INC."
RINGCENTRAL INC,0001384905,"['RINGCENTRAL INC', 'RINGCENTRAL, INC.']",RINGCENTRAL INC
RIOT BLOCKCHAIN INC,0001167419,"['RIOT BLOCKCHAIN, INC.']","RIOT BLOCKCHAIN, INC."
ROCKETFUEL BLOCKCHAIN INC,0000823546,"['ROCKETFUEL BLOCKCHAIN, INC.']","ROCKETFUEL BLOCKCHAIN, INC."
RORINE INTL HOLDING CORP,,,
ROSETTA STONE INC,0001351285,['ROSETTA STONE INC'],ROSETTA STONE INC
SAILPOINT TECHNO HLDG,,,
SALESFORCE.COM INC,0001108524,"['SALESFORCE.COM, INC.']","SALESFORCE.COM, INC."
SCIENT INC,0001158019,"['ACCESS SCIENTIFIC INC', 'ACTIVE LIFE SCIENTIFIC, INC.', 'ADVANCED SCIENTIFIC ASSET HOLDING, INC.', 'ADVANCED SCIENTIFIC CONCEPTS INC', 'AHURA SCIENTIFIC INC', 'ALITO SCIENTIFIC INC', 'AMAZON SCIENTIFIC INC', 'AMERICAN SCIENTIFIC RESOURCES INC', 'AMSWISS SCIENTIFIC INC /FI', 'ANANDA SCIENTIFIC, INC.', 'APPLIANCE SCIENTIFIC, INC.', 'ASM SCIENTIFIC INC', 'BAKER STREET SCIENTIFIC, INC.', 'BIO-MATRIX SCIENTIFIC GROUP INC', 'BIO-MATRIX SCIENTIFIC GROUP, INC.', 'BIOPHARMA SCIENTIFIC INC', 'BODYTEL SCIENTIFIC INC.', 'BRAIN SCIENTIFIC INC.', 'BRAZOS SCIENTIFIC INC', 'C&H SCIENTIFIC, INC.', 'CARROLL SCIENTIFIC INC', 'CARVER SCIENTIFIC, INC.', 'CB SCIENTIFIC, INC.', 'CHASE SCIENTIFIC GLASS INC', 'CLARO SCIENTIFIC LABORATORIES, INC.', 'COEUR SCIENTIFIC INC', 'CONVEXITY SCIENTIFIC INC.', 'CORE SCIENTIFIC, INC./TX', 'CORE SCIENTIFIC, INC.', 'DANIMER SCIENTIFIC, INC.', 'DERYCZ SCIENTIFIC INC', 'EATON SCIENTIFIC SYSTEMS, INC.', 'ELECTRO SCIENTIFIC INDUSTRIES INC', 'ELYSEE SCIENTIFIC COSMETICS, INC.', 'ESCIENT PHARMACEUTICALS INC', 'EVIDENCE SCIENTIFIC SOLUTIONS, INC.', 'FIRST SCIENTIFIC INC', 'FISHER SCIENTIFIC GROUP INC', 'FISHER SCIENTIFIC INTERNATIONAL INC', 'FLASH SCIENTIFIC TECHNOLOGY INC.', 'FRANKLIN SCIENTIFIC, INC.', 'FREEDOM SCIENTIFIC INC', 'FREMON SCIENTIFIC, INC.', 'GERBER SCIENTIFIC INC', 'GPB SCIENTIFIC, INC.', 'GREAT BASIN SCIENTIFIC, INC.', 'HELSINKI SCIENTIFIC INC', 'HOKU SCIENTIFIC INC', 'I-LUMEN SCIENTIFIC, INC.', 'IR SCIENTIFIC INC.', 'JOI SCIENTIFIC, INC.', 'KALACO SCIENTIFIC INC', 'KENERGY SCIENTIFIC, INC.', 'KHONA SCIENTIFIC HOLDINGS, INC.', 'KLAR SCIENTIFIC, INC.', 'KOLIS SCIENTIFIC INC', 'LAZURE SCIENTIFIC INC', 'LUCID SCIENTIFIC, INC.', 'LUCY SCIENTIFIC DISCOVERY, INC.', 'MANHATTAN SCIENTIFICS INC', 'MEDTOX SCIENTIFIC INC', 'MILESTONE SCIENTIFIC INC.', 'MILESTONE SCIENTIFIC INC/NJ', 'MULTISENSOR SCIENTIFIC, INC.', 'NEW BRUNSWICK SCIENTIFIC CO INC', 'NEW LIFE SCIENTIFIC, INC.', 'NORTH AMERICAN SCIENTIFIC INC', 'OCTAVIAN SCIENTIFIC INC', 'OMNISCIENT HOLDINGS, INC', 'ONE SCIENTIFIC INC.', 'PALMAZ SCIENTIFIC INC', 'PHOENIX SCIENTIFIC INC', 'PHYSCIENT, INC.', 'PRESCIENT APPLIED INTELLIGENCE INC', 'PRESCIENT APPLIED INTELLIGENCE, INC.', 'PRESCIENT CAPITAL ALTERNATIVE FIXED INCOME FUND II, LLC--SERIES A', 'PRESCIENT CAPITAL ALTERNATIVE FIXED INCOME FUND, LLC SERIES EIGHT', 'PRESCIENT CAPITAL ALTERNATIVE FIXED INCOME FUND, LLC SERIES NINE', 'PRESCIENT CAPITAL ALTERNATIVE FIXED INCOME FUND, LLC SERIES SEVEN', 'PRESCIENT CAPITAL ALTERNATIVE FIXED INCOME FUND, LLC', 'PRESCIENT MARKETS INC.', 'PRESCIENT MEDICAL INC', 'PRESCIENT SURGICAL, INC.', 'PRESCIENTCO INC.', 'PROTECHSURE SCIENTIFIC, INC.', 'PROTEOFORM SCIENTIFIC INC.', 'PURE SCIENTIFIC TECHNOLOGIES INC.', 'QUALITY SCIENTIFIC PLASTICS INC', 'RED MOUNTAIN SCIENTIFIC, INC.', 'REDSTORM SCIENTIFIC INC', 'REDWOOD SCIENTIFIC TECHNOLOGIES, INC.', 'REFLECT SCIENTIFIC INC', 'RESPONSE SCIENTIFIC, INC.', 'RHEOMETRIC SCIENTIFIC INC', 'RUMAN SCIENTIFIC INC.', 'SAFEGUARD SCIENTIFICS INC ET AL', 'SAFEGUARD SCIENTIFICS INC', 'SANDBOX SCIENTIFIC I P INC', 'SANFORD SCIENTIFIC, INC.', 'SCIENT INC', 'SCIENTECH, INC.', 'SCIENTIFIC ANALYTICS INC.', 'SCIENTIFIC ATLANTA INC', 'SCIENTIFIC CONSERVATION, INC.', 'SCIENTIFIC ENERGY INC', 'SCIENTIFIC ENERGY, INC', 'SCIENTIFIC ENVIRONMENTAL DESIGN, INC.', 'SCIENTIFIC FUEL TECHNOLOGY INC', 'SCIENTIFIC GAMES (GREECE), INC.', 'SCIENTIFIC GAMES ACQUISITION, INC.', 'SCIENTIFIC GAMES INTERNATIONAL, INC.', 'SCIENTIFIC GAMES ONLINE ENTERTAINMENT SYSTEMS, INC.', 'SCIENTIFIC GAMES PRODUCTS INC', 'SCIENTIFIC GAMES SA INC', 'SCIENTIFIC INDUSTRIES INC', 'SCIENTIFIC INNOVATIONS INC', 'SCIENTIFIC MEASUREMENT SYSTEMS INC/TX', 'SCIENTIFIC MEDIA, INC.', 'SCIENTIFIC MICROSYSTEMS, INC.', 'SCIENTIFIC NRG INC', 'SCIENTIFIC NUTRITION PRODUCTS, INC.', 'SCIENTIFIC PRODUCTS & SYSTEMS INC', 'SCIENTIFIC RADIO SYSTEMS INC', 'SCIENTIFIC RESOURCES CORP INC', 'SCIENTIFIC REVENUE, INC.', 'SCIENTIFIC SOFTWARE INTERCOMP INC', 'SCIENTIFIC TECHNOLOGIES INC', 'SCIENTIFIC TESTING LABORATORIES INC', 'SCIENTIFICWORLD INC', 'SCIENTIGO INC', 'SCIENTIGO, INC.', 'SCIENTIO INC', 'SCIENTURE INC.', 'SCOTTSDALE SCIENTIFIC INC', 'SEMLER SCIENTIFIC, INC.', 'SENSCIENT INC', 'SENSCIENT, INC.', 'SIERRA SCIENTIFIC INSTRUMENTS INC', 'SKY SCIENTIFIC INC', 'SOURCE SCIENTIFIC INC', 'STAR SCIENTIFIC INC', 'START SCIENTIFIC, INC.', 'STRATOSCIENTIFIC, INC.', 'TESCIENT INC', 'TEXAS SCIENTIFIC INC', 'THERMO FISHER SCIENTIFIC INC.', 'UBC SCIENTIFIC SOLUTIONS, INC.', 'VANGUARD SCIENTIFIC SYSTEMS, INC.', 'VIKING SCIENTIFIC, INC.', 'VISCIENT BIO, INC.', 'WASHINGTON SCIENTIFIC INDUSTRIES INC']",SCIENT INC
SEACHANGE INTERNATIONAL INC,0001019671,['SEACHANGE INTERNATIONAL INC'],SEACHANGE INTERNATIONAL INC
SECUREWORKS CORP,0001468666,"['SECUREWORKS CORP', 'SECUREWORKS HOLDING CORP']",SECUREWORKS CORP
SERVICENOW INC,0001373715,"['SERVICENOW, INC.']","SERVICENOW, INC."
SHARPSPRING INC,0001506439,"['SHARPSPRING, INC.']","SHARPSPRING, INC."
SHOTSPOTTER INC,0001362853,"['SHOTSPOTTER INC', 'SHOTSPOTTER, INC']",SHOTSPOTTER INC
SIMTROL INC,0000846775,"['SIMTROL  INC', 'SIMTROL INC']",SIMTROL INC
SITO MOBILE LTD,0001157817,"['SITO MOBILE, LTD.']","SITO MOBILE, LTD."
SKYBOX INTL INC,,,
SLACK TECHNOLOGIES INC,0001764925,"['SLACK TECHNOLOGIES, INC.']","SLACK TECHNOLOGIES, INC."
SMARTMETRIC INC,0001301991,"['SMARTMETRIC, INC.']","SMARTMETRIC, INC."
SMARTSHEET INC,0001366561,"['SMARTSHEET INC', 'SMARTSHEET.COM INC']",SMARTSHEET INC
SMITH MICRO SOFTWARE INC,0000948708,"['SMITH MICRO SOFTWARE INC', 'SMITH MICRO SOFTWARE, INC.', 'SMITH MICRO SOFTWARE, INC']",SMITH MICRO SOFTWARE INC
SNOWFLAKE INC,0001640147,"['CATALYST PAPER (SNOWFLAKE) INC.', 'SNOWFLAKE COMPUTING, INC.', 'SNOWFLAKE INC.']",SNOWFLAKE INC.
SOFTECH INC,0000354260,"['PROTONS SOFTECH INC', 'SOFTECH INC']",SOFTECH INC
SOLARWINDS CORP,0001739942,['SOLARWINDS CORP'],SOLARWINDS CORP
SONIC FOUNDRY INC,0001029744,['SONIC FOUNDRY INC'],SONIC FOUNDRY INC
SPLUNK INC,0001353283,['SPLUNK INC'],SPLUNK INC
SPROUT SOCIAL INC,0001517375,"['SPROUT SOCIAL, INC.']","SPROUT SOCIAL, INC."
SPS COMMERCE INC,0001092699,['SPS COMMERCE INC'],SPS COMMERCE INC
SS&C TECHNOLOGIES HLDGS INC,,,
SSI INVESTMENTS II LTD,0001501919,"['SSI INVESTMENTS II LTD', 'SSI INVESTMENTS III LTD']",SSI INVESTMENTS II LTD
SUMO LOGIC INC,0001643269,"['SUMO LOGIC, INC.']","SUMO LOGIC, INC."
SVMK INC,0001739936,['SVMK INC.'],SVMK INC.
SYNACOR INC,0001210634,"['SYNACOR INC', 'SYNACOR, INC.']",SYNACOR INC
SYNCHRONOSS TECHNOLOGIES,0001131554,['SYNCHRONOSS TECHNOLOGIES INC'],SYNCHRONOSS TECHNOLOGIES INC
SYNOPSYS INC,0000883241,['SYNOPSYS INC'],SYNOPSYS INC
TAUTACHROME INC,0001389067,['TAUTACHROME INC.'],TAUTACHROME INC.
TELENAV INC,0001353536,"['TELENAV INC', 'TELENAV, INC.']",TELENAV INC
TENABLE HOLDINGS INC,0001660280,"['TENABLE HOLDINGS, INC.']","TENABLE HOLDINGS, INC."
TERADATA CORP,0000816761,['TERADATA CORP /DE/'],TERADATA CORP /DE/
THEGLOBE.COM INC,,,
TIBCO SOFTWARE INC,0001085280,['TIBCO SOFTWARE INC'],TIBCO SOFTWARE INC
TINTRI INC,0001554875,"['TINTRI, INC.']","TINTRI, INC."
TMM INC,0000939652,"['OCM TMM HOLDINGS LP, INC.', 'STMM INC.', 'TMM INC']",TMM INC
TRADE DESK INC,0001671933,"['ARTRADEDESK, INC.', 'TRADE DESK, INC.']","TRADE DESK, INC."
TWILIO INC,0001447669,['TWILIO INC'],TWILIO INC
TYLER TECHNOLOGIES INC,0000860731,['TYLER TECHNOLOGIES INC'],TYLER TECHNOLOGIES INC
ULTIMATE SOFTWARE GROUP INC,0001016125,['ULTIMATE SOFTWARE GROUP INC'],ULTIMATE SOFTWARE GROUP INC
UNITRONIX CORP,0000835270,['UNITRONIX CORP'],UNITRONIX CORP
UNITY SOFTWARE INC,0001810806,"['COMMUNITYLOGIQ SOFTWARE INC.', 'UNITY SOFTWARE INC.']",UNITY SOFTWARE INC.
UPLAND SOFTWARE INC,0001505155,"['UPLAND SOFTWARE, INC.']","UPLAND SOFTWARE, INC."
VANCORD CAPITAL INC,,,
VARONIS SYSTEMS INC,0001361113,['VARONIS SYSTEMS INC'],VARONIS SYSTEMS INC
VDO-PH INTERNATIONAL INC,,,
VEEVA SYSTEMS INC,0001393052,['VEEVA SYSTEMS INC'],VEEVA SYSTEMS INC
VERB TECHNOLOGY CO INC,0001566610,"['VERB TECHNOLOGY COMPANY, INC.']","VERB TECHNOLOGY COMPANY, INC."
VERINT SYSTEMS INC,0001166388,['VERINT SYSTEMS INC'],VERINT SYSTEMS INC
VERITONE INC,0001615165,"['VERITONE, INC.']","VERITONE, INC."
VERTEX INC,0001806837,"['ALPHA VERTEX, INC.', 'GENESIS VERTEX, INC.', 'NORTHERN VERTEX CAPITAL INC.', 'TRAVERTEX INC', 'VERTEX AEROSPACE INC', 'VERTEX ANALYTICS, INC.', 'VERTEX BUSINESS SOURCING INC.', 'VERTEX COMPUTER CABLE & PRODUCTS INC', 'VERTEX ENERGY INC.', 'VERTEX HOLDCO, INC.', 'VERTEX INDUSTRIES INC', 'VERTEX INTERACTIVE INC', 'VERTEX INVESTMENT INTERNATIONAL I INC', 'VERTEX INVESTMENT INTERNATIONAL III INC', 'VERTEX ONE ASSET MANAGEMENT INC.', 'VERTEX PHARMACEUTICALS INC / MA', 'VERTEX SOFTWARE, INC.', 'VERTEX, INC.']","VERTEX, INC."
VERTICAL COMPUTER SYS INC,0001099509,['VERTICAL COMPUTER SYSTEMS INC'],VERTICAL COMPUTER SYSTEMS INC
VIRNETX HOLDING CORP,0001082324,['VIRNETX HOLDING CORP'],VIRNETX HOLDING CORP
VIVA ENTERTAINMENT GROUP INC,0001479000,['VIVA ENTERTAINMENT GROUP INC.'],VIVA ENTERTAINMENT GROUP INC.
VMWARE INC -CL A,,,
VOYAGER DIGITAL LTD,0001827032,['VOYAGER DIGITAL LTD.'],VOYAGER DIGITAL LTD.
VUBOTICS INC,0001100981,['VUBOTICS INC'],VUBOTICS INC
WOD RETAIL SOLUTIONS,0000704366,"['WOD RETAIL SOLUTIONS, INC.']","WOD RETAIL SOLUTIONS, INC."
WORKDAY INC,0001327811,"['WORKDAY INC', 'WORKDAY, INC.']",WORKDAY INC
WORKIVA INC,0001445305,['WORKIVA INC'],WORKIVA INC
XCELMOBILITY INC,0001465509,['XCELMOBILITY INC.'],XCELMOBILITY INC.
XPERI HOLDING CORP,0001803696,"['LEARNING EXPERIENCE HOLDING CORP', 'XPERI HOLDING CORP']",XPERI HOLDING CORP
YAPPN CORP,0001511735,['YAPPN CORP.'],YAPPN CORP.
YEXT INC,0001614178,"['BODYEXTREME INC', 'YEXT, INC.']","YEXT, INC."
ZENDESK INC,0001463172,"['ZENDESK, INC.']","ZENDESK, INC."
ZIX CORP,0000855612,"['VUZIX CORP', 'ZIX CORP', 'ZIXIT CORP']",ZIX CORP
ZOOM TELEPHONICS INC,0000822708,"['ZOOM TELEPHONICS INC', 'ZOOM TELEPHONICS, INC.']",ZOOM TELEPHONICS INC
ZOOM VIDEO COMUNICATIONS INC,,,
ZOOMAWAY TRAVEL INC,0001541054,['ZOOMAWAY TRAVEL INC.'],ZOOMAWAY TRAVEL INC.
ZOOMINFO TECHNOLOGIES,0001794515,['ZOOMINFO TECHNOLOGIES INC.'],ZOOMINFO TECHNOLOGIES INC.
ZSCALER INC,0001713683,"['ZSCALER, INC.']","ZSCALER, INC."
ZUORA INC,0001423774,['ZUORA INC'],ZUORA INC
